client_name,img_src,img_alt,img_width,href
AECOM.com,https://aecom.com/wp-content/uploads/2023/03/AECOM_Logo_Black_RGB.jpg,AECOM.com,200,https://aecom.com/
AM King,https://cdn2.vectorstock.com/i/1000x1000/68/96/initial-letter-am-king-design-logo-concept-vector-36486896.jpg,AM King,200,https://amkinggroup.com/
Andres Construction,http://www.andresconstruction.com/images/andres-construction-logo.jpg, Andres Construction,200,https://www.andresconstruction.com/
Archer Western Contractors,https://i.pinimg.com/originals/23/62/12/236212b42f4f82ec1a5a77cdf492b120.png,Archer Western Contractors,200,http://www.walshgroup.com/
Aspen Heights Partners,https://www.ahpliving.com/wp-content/uploads/2016/08/aspenheights-student.svg,Aspen Heights Partners,200,https://www.ahpliving.com/
BACAR Constructors,https://lookaside.fbsbx.com/lookaside/crawler/media/?media_id=453629333445810,BACAR Constructors,200,"https://web.nashvillechamber.com/Real-Estate-Construction/BACAR-Constructors,-Inc-20475"
Barnhill Contracting,https://lookaside.fbsbx.com/lookaside/crawler/media/?media_id=100067697536663,Barnhill Contracting,200,https://www.barnhillcontracting.com/
Batten Shaw,https://battenshaw.com/wp-content/uploads/bfi_thumb/battenshaw-logo-transparent-1024x244-oiziktp2uluco4tbhscb2m5h6iud1luitks353vo7w.png,Batten Shaw,200,https://battenshaw.com/home-mobile/
Bell Construction,https://content.energage.com/company-images/MW19/SE79907/SE79907_logo_orig.png,Bell Construction,200,https://bellconstructioncompany.com/
BL Harbert,https://lookaside.fbsbx.com/lookaside/crawler/media/?media_id=100063801520741,BL Harbert,200,https://www.blharbert.com/
Brinkman Construction,https://lookaside.fbsbx.com/lookaside/crawler/media/?media_id=1949179575144275,Brinkman Construction,200,https://brinkmanconstruction.com/
Bulley & Andrews,https://ichef.bbci.co.uk/news/976/cpsprodpb/D66A/production/_128509845_f85d49db-d133-4d16-ac38-cb8dd06f985d.jpg,Bulley & Andrews,200,https://www.bulley.com/
Camden Builders,https://assets-global.website-files.com/637b972b986bcd756f16c31d/63d2f917eed7347fbce5ecc2_CamdenBuilders_Logo.png,Camden Builders,200,https://www.camdenbuildersinc.com/
CBG Building,https://www.cbgbuildingcompany.com/wp-content/themes/cbg/assets/images/logo.svg,CBG Building,200,https://www.cbgbuildingcompany.com/
CFC Construction,https://www.cfcc.com/wp-content/uploads/cfc_construction-logo-pad-01.svg,CFC Construction,200,https://www.cfcc.com/
Chhabra Construction,https://lookaside.fbsbx.com/lookaside/crawler/media/?media_id=100075883976944,Chhabra Construction,200,https://www.linkedin.com/company/chhabra-construction-inc
Choate Construction,https://gobeyondprofit.org/wp-content/uploads/2019/12/ChoateCo.-117-Process.jpg,Choate Construction,200,https://www.choateco.com/
Clark Builds,https://lookaside.fbsbx.com/lookaside/crawler/media/?media_id=100057434350786,Clark Builds,200,https://clarkbuilds.com/
Clayco,https://lookaside.fbsbx.com/lookaside/crawler/media/?media_id=100063544093396,Clayco,200,https://claycorp.com/
Coastal Construction,https://coastalconstruction.com/wp-content/uploads/2022/09/coastalconstruction-logo.png,Coastal Construction,200,https://coastalconstruction.com/
Connor & Gaskins,https://m.media-amazon.com/images/M/MV5BMTY3MjM5MjAtZjJlZS00YTllLThlODUtNDY1ZjIwZjk1ZTkxXkEyXkFqcGdeQXVyMTI0NDg4MTk4._V1_FMjpg_UX1000_.jpg,Connor & Gaskins,200,https://www.instagram.com/kit.connor/
Cymbal Development,http://cymbaldevelopment.com/assets/img/cymbal-logo.gif,Cymbal Development,200,https://www.linkedin.com/company/cymbal-development
Elmington Construction,https://lookaside.fbsbx.com/lookaside/crawler/media/?media_id=100063466695426,Elmington Construction,200,https://oneelmington.com/elmington-construction-2/
FCL Builders,https://fclbuilders.com/wp-content/themes/fclbuilders/images/logo.svg,FCL Builders,200,https://fclbuilders.com/
Foard Construction,"https://images.crunchbase.com/image/upload/c_lpad,h_170,w_170,f_auto,b_white,q_auto:eco,dpr_1/dvpyo7iqwmmgqqdb83ok",Foard Construction,200,https://www.edisonfoard.com/
Fortune Johnson,https://www.fortune-johnson.com/wp-content/uploads/2021/09/Fortune-Johnson-2021-2048x381-1.png,Fortune Johnson,200,https://www.fortune-johnson.com/
GCI Construction,https://lookaside.fbsbx.com/lookaside/crawler/media/?media_id=100025628481415,GCI Construction,200,https://gcigc.com/
Gray Construction,https://media.gray.com/wp-content/uploads/2020/02/02142406/gray_only_color_w_x-height.jpg,Gray Construction,200,https://www.gray.com/
GT McDonald Construction,http://images.squarespace-cdn.com/content/v1/53961290e4b04b71be1affdf/1402609672859-0JTFHG2H58PHKDGSYCCB/gtmcdonald_vertical.png,GT McDonald Construction,200,http://www.gtmcdonald.com/
Hanover Company,https://medialibrarycf.entrata.com/3156/MLv3/9/40/2022/3/24/168641/56f19c05ab087933.ico,Hanover Company,200,https://www.hanoverco.com/
Hardaway Construction,https://uploads-ssl.webflow.com/5c1a58c56edb847f4ad0b7ba/5c1a5dc45058953ebf522c6c_hardaway_logo.png,Hardaway Construction,200,https://www.hardaway.net/
Harold Jordan Construction,https://d3fi12ibg97taf.cloudfront.net/uploads/files/000/000/005/original/cropped-HKJ-logo-fullcolor.png?1528989013,Harold Jordan Construction,200,https://www.hkjconstruction.com/
Hensel Phelps,https://upload.wikimedia.org/wikipedia/commons/e/e7/Hensel_Phelps_Plan_Build_Manage_LOGO_PNG.png,Hensel Phelps,200,https://www.henselphelps.com/
Hitt Contracting,https://lookaside.fbsbx.com/lookaside/crawler/media/?media_id=100062091747088,Hitt Contracting,200,https://www.hitt.com/
Hoar Construction,https://hoar.com/wp-content/uploads/2020/01/cropped-HOAR_Logos_FINAL_Symbol_Blue-1.png,Hoar Construction,200,https://hoar.com/
Hodges & Hicks,https://upload.wikimedia.org/wikipedia/commons/5/50/Lt._Gen._Courtney_H._Hodges_%28cropped%29.jpg,Hodges & Hicks,200,https://www.hodges.edu/index.html
Hyder Construction,https://www.hyderinc.com/wp-content/uploads/2021/07/Hyder-2pms.svg,Hyder Construction,200,https://www.hyderinc.com/
Intercon Construction,http://www.intercon-const.com/wp-content/uploads/intercon_logo.png,Intercon Construction,200,https://www.intercon-const.com/
Jaxi Construction,https://www.jaxi.com/wp-content/uploads/2018/12/jaxi-builders-logo.png,Jaxi Construction,200,https://www.jaxi.com/
JD Goodrum,https://logovectordl.com/wp-content/uploads/2021/12/jd-goodrum-logo-vector.png,JD Goodrum,200,https://jdgoodrum.com/
Kast Construction,https://media.licdn.com/dms/image/C510BAQHobRKnkXiiuQ/company-logo_200_200/0/1519964797844?e=2147483647&v=beta&t=3Qtk5G6RfsVo1jWPG0msnWKC95nRGMfeXuvGk4IrQE0,Kast Construction,200,https://www.kastbuild.com/
Kaufman Lynn Construction,https://www.kaufmanlynn.com/blog/wp-content/themes/Kaufman_Lynn_2018/images/logo.png,Kaufman Lynn Construction,200,https://www.kaufmanlynn.com/
LCS of Carolina Development,https://www.lcsnet.com/images/default-source/logos/lcs/lcs-logo-article-primary-image.png,LCS of Carolina Development,200,https://www.lcsnet.com/
Lincoln Property Company,https://www.lpc.com/wp-content/uploads/2022/12/LPC-Green-Logo-Bold_white_background.png,Lincoln Property Company,200,https://www.lpc.com/
McHugh Construction,https://mchughconstruction.com/wp-content/uploads/JMCC-Logo_Color.png,McHugh Construction,200,https://mchughconstruction.com/
McShane Construction,https://mcshaneconstruction.com/wp-content/uploads/2018/04/mcshane-logo-color.svg,McShane Construction,200,https://mcshaneconstruction.com/
Messer Construction,https://www.messer.com/wp-content/uploads/Messer_WeAreBuilding_Logo_RGB_Color_300.png,Messer Construction,200,https://www.messer.com/
Middleburg Communities,https://livemiddleburg.com/wp-content/uploads/2020/05/logo-middleburg-color.png,Middleburg Communities,200,https://www.middleburgcommunities.com/
Milender White,https://lookaside.fbsbx.com/lookaside/crawler/media/?media_id=100063586569535,Milender White,200,https://www.milenderwhite.com/
Mill Creek Construction,https://mma.prnewswire.com/media/224987/mill_creek_logo.jpg?p=facebook,Mill Creek Construction,200,https://millcreekconstructioncompany.com/
Modern South Construction,https://lookaside.fbsbx.com/lookaside/crawler/media/?media_id=100063497261563,Modern South Construction,200,https://www.tate.org.uk/visit/tate-modern
Monteith Construction,https://lookaside.fbsbx.com/lookaside/crawler/media/?media_id=100036847585601,Monteith Construction,200,https://www.monteithco.com/
Northwood Ravin,https://nwrliving.com/assets/images/cache/poster-8fdb2e928889ed732da3ac0adaa9973a.jpeg,Northwood Ravin,200,https://nwrliving.com/
Opus Group,https://mnconcretecouncil.com/application/files/4414/9630/8585/Opus-Group-Logo-Colored.jpg,Opus Group,200,https://www.opus-group.com/
Ordner Construction,https://www.ordner.com/wp-content/uploads/logo.png,Ordner Construction,200,https://www.ordner.com/
Powerbuild Construction,"https://static.wixstatic.com/media/e99566_cdec1d48ccf743c6b40792a35f34f9dd~mv2.png/v1/fill/w_180,h_170,al_c,lg_1,q_85,enc_auto/PowerBuild%20Logo.png",Powerbuild Construction,200,https://www.power-build.com/
Prestige Building,https://lookaside.fbsbx.com/lookaside/crawler/media/?media_id=100054260300037,Prestige Building,200,https://www.prestigeconstructions.com/
PS West Construction,https://lookaside.fbsbx.com/lookaside/crawler/media/?media_id=100064134003671,PS West Construction,200,https://m.facebook.com/p/PS-West-Construction-Co-Inc-100065676451904/
Ratzlaff Construction,https://lookaside.fbsbx.com/lookaside/crawler/media/?media_id=100054391935169,Ratzlaff Construction,200,https://www.ratzlaffconstructionllc.com/
Reeves Young Construction,https://www.reevesyoung.com/wp-content/uploads/2021/07/reeves-young-industrial-w2.svg,Reeves Young Construction,200,https://www.reevesyoung.com/
RMD Construction,https://lookaside.fbsbx.com/lookaside/crawler/media/?media_id=100063543644504,RMD Construction,200,https://www.rmdconstructionllc.com/
Robins & Morton,https://www.allaboutbirds.org/guide/assets/photo/303441381-480px.jpg,Robins & Morton,200,https://www.robinsfcu.org/
Ryan Companies,https://upload.wikimedia.org/wikipedia/en/3/30/Ryan_Companies_Logo.png,Ryan Companies,200,https://www.ryancompanies.com/
Rycon Construction,"https://res.cloudinary.com/micronetonline/image/upload/c_crop,h_1038,w_3000,x_0,y_0/v1559241684/tenants/4df0a572-42d0-4b14-8d95-ca6228b7e3c1/cb20ce7332c44a658f50932573c1d0f6/Rycon-Construction-Logo.jpg",Rycon Construction,200,https://ryconinc.com/
Seawood Builders,https://lookaside.fbsbx.com/lookaside/crawler/media/?media_id=100057591993364,Seawood Builders,200,https://www.seawoodbuilders.com/
Shell McElroy,https://smartegies.com/wp-content/uploads/2019/08/shell-mcelroy-logo.png,Shell McElroy,200,https://shellmcelroy.com/
Sterling Construction,https://www.strlco.com/wp-content/uploads/2021/10/SterlingLogo_Tag_2C_PMS.svg,Sterling Construction,200,https://www.strlco.com/
Stokes Construction,http://stokesconst.com/Images/StokesLogo.jpg,Stokes Construction,200,http://stokesconst.com/
Suffolk Construction,https://www.suffolk.com/wp-content/themes/suffolk-theme/img/suffolk-2022-logo.png,Suffolk Construction,200,
Valor Construction,,Valor Construction,200,https://www.valorman.com/
VCC,,VCC,200,
Verdex,https://lookaside.fbsbx.com/lookaside/crawler/media/?media_id=100063482985323,Verdex,200,https://www.vrtx.com/
Weitz Company,,Weitz Company,200,
Wells & Wells,,Wells & Wells,200,
